<?xml version="1.0" encoding="UTF-8"?>
<beans xmlns="http://www.springframework.org/schema/beans"
       xmlns:xsi="http://www.w3.org/2001/XMLSchema-instance"
       xmlns:context="http://www.springframework.org/schema/context"
       xmlns:mvc="http://www.springframework.org/schema/mvc"
       xsi:schemaLocation="http://www.springframework.org/schema/beans
       http://www.springframework.org/schema/beans/spring-beans.xsd
       http://www.springframework.org/schema/context
       https://www.springframework.org/schema/context/spring-context.xsd
       http://www.springframework.org/schema/mvc https://www.springframework.org/schema/mvc/spring-mvc.xsd">

    <!--SpringMVC的配置文件, 包含网站跳转逻辑的控制, 配置-->
    <context:component-scan base-package="com.wxl.sms" use-default-filters="false">
        <!--只扫描控制器-->
        <context:include-filter type="annotation" expression="org.springframework.stereotype.Controller"/>
    </context:component-scan>

    <!--配置视图解析器, 方便页面返回解析-->
    <bean class="org.springframework.web.servlet.view.InternalResourceViewResolver">
        <property name="prefix" value="/page/"/>
        <property name="suffix" value=".jsp"/>
    </bean>

    <!--两个标准配置-->
    <!-- 将SpringMVC不能处理的请求交给Tomcat, 实现动态、静态资源都能访问成功 -->
    <mvc:default-servlet-handler/>
    <!--能支持SpringMVC更高级的功能, 比如JSR303校验, 快捷的AJAX请求... 映射动态请求-->
    <mvc:annotation-driven/>

</beans>